{
  "project_info": {
    "project_number": "486325492614",
    "firebase_url": "https://joltfitnessapp-a5bd2.firebaseio.com",
    "project_id": "joltfitnessapp-a5bd2",
    "storage_bucket": "joltfitnessapp-a5bd2.appspot.com"
  },
  "client": [
    {
      "client_info": {
        "mobilesdk_app_id": "1:486325492614:android:10998a2efca6355eb8aa07",
        "android_client_info": {
          "package_name": "com.example.joltfitnessapp"
        }
      },
      "oauth_client": [
        {
          "client_id": "486325492614-cdvmv65rvgcp024q6vd6bfcre70t54sh.apps.googleusercontent.com",
          "client_type": 1,
          "android_info": {
            "package_name": "com.example.joltfitnessapp",
            "certificate_hash": "f22065a9befdad869941b635aac1d7f8030ff670"
          }
        },
        {
          "client_id": "486325492614-0rgov35413m8n8q5am8jam0vb29s26bh.apps.googleusercontent.com",
          "client_type": 3
        }
      ],
      "api_key": [
        {
          "current_key": "AIzaSyAeYqbhZ1MHizJ-Id94QVi7z-2aWic5n7I"
        }
      ],
      "services": {
        "appinvite_service": {
          "other_platform_oauth_client": [
            {
              "client_id": "486325492614-0rgov35413m8n8q5am8jam0vb29s26bh.apps.googleusercontent.com",
              "client_type": 3
            }
          ]
        }
      }
    }
  ],
  "configuration_version": "1"
}